user_id,name,email,age,location
487,Joseph Farmer,frank90@example.com,20,Port Duane
653,Lisa Ramirez,cowanashley@example.org,56,New Williambury
250,Kurt Mitchell,kathleen96@example.com,30,Chavezside
668,Eric Carter,amcguire@example.org,65,Velezbury
2,Michael Massey Jr.,moralesrobert@example.com,39,Caseyton
384,Carla Bryan,davidhayes@example.org,36,Robinsonchester
104,Kelly Rice,mendozasarah@example.com,26,Smithberg
76,Douglas Moore,mhill@example.net,50,East Vanessaview
846,James Skinner,sandra18@example.com,60,Hernandezview
73,Veronica Peck,anthonyjackson@example.com,43,South Jimmyville
917,Robert Martinez,levyjacob@example.net,51,Lake Emilyshire
136,Shannon Dominguez,flemingstephanie@example.com,47,Davishaven
40,Shaun Roberts,yjacobson@example.org,47,North Tami
89,Kathryn Pennington,dcastillo@example.com,31,Danielburgh
673,Benjamin Clark,barrywood@example.com,37,South Amberland
696,Dominic Gaines,michellecarlson@example.com,22,Juliefurt
502,Jenny Brown,nicole67@example.net,48,North Mary
612,Valerie Garcia,davidrodriguez@example.net,54,New Hector
62,Bradley Stewart,ruizdaniel@example.com,44,Colleenburgh
212,Anthony Anderson,barrerathomas@example.org,52,Hallshire
999,James Murphy,suarezpatricia@example.net,54,Contrerastown
426,Daniel Gonzalez,kerrkimberly@example.net,18,East Jeremyfort
819,Angela Conrad,velezmichael@example.org,63,Curtisstad
462,Bryan Davis,oallen@example.org,42,West Isabelmouth
605,Erin Cooper DVM,nicholas39@example.com,24,Freemanberg
856,Jennifer Salas,williamcole@example.net,61,South Roger
733,John Cooper,ubean@example.com,41,Lake Jefffurt
537,Anna Thomas,wagnerdavid@example.net,41,Davidville
332,Timothy Summers,christine43@example.com,40,Malikbury
46,Lawrence Hartman,uwilliamson@example.com,20,Stephentown
554,Chase King,cannonkathleen@example.org,22,Meyerville
104,Randall Price DDS,chennorman@example.org,65,Mariafort
596,Brandon Willis,elizabethmendez@example.org,47,Markchester
735,Jonathan Guerrero,alexander28@example.net,56,North Adrienneberg
583,Christopher Stephenson,lisa78@example.org,62,Jeffersonfurt
198,Patrick Cohen,ryanjohnson@example.org,23,Lake Travishaven
316,Melissa Williams,pschroeder@example.com,34,Port Kimberly
465,Bethany Chang,millerdouglas@example.org,23,North Tracy
354,Jason Morgan,nathaniel97@example.org,49,North Christopherchester
387,Anthony Tate,carlcordova@example.org,48,Port Samuelfurt
509,Jason Dickerson,amanda47@example.net,48,Joyceton
702,Christopher Mccarthy,pburgess@example.net,29,Veronicachester
48,Tiffany Arnold,fbell@example.org,31,Sarafurt
936,Rachel Walker,michellemack@example.net,64,Fullerborough
116,Matthew Alexander,claytonaudrey@example.com,38,Erinview
801,William Rodriguez,johnreed@example.net,18,Timothybury
960,Vanessa Castillo,kimberlypeters@example.com,21,Lesliechester
961,Heather Herman,schwartzjohn@example.org,51,West Patrick
80,Mrs. Stephanie Ortega,patrickchang@example.com,31,Petersenshire
83,Cody Valencia,ryangarcia@example.com,52,West Alexandrachester
146,Allen Malone,kingphilip@example.org,60,Martinhaven
6,Laura Alvarez,qmcdowell@example.org,21,Port Duanemouth
212,Audrey Adams,johnjuarez@example.net,47,Banksland
723,Dr. Robin Briggs,shelby52@example.com,56,North William
948,Cassandra Petersen,trodriguez@example.com,65,Stephaniemouth
615,Brett Cook,fbrown@example.net,31,West Albert
717,Amanda Black,ghood@example.com,47,Nicholasberg
898,Emily Valdez,sherry66@example.net,44,West Christina
246,Edward Parks,estanley@example.org,33,Lake Jenniferland
578,Jacqueline Wallace,hbennett@example.net,51,New Elizabethshire
585,Diana Woodward,brennancarla@example.com,40,Patriciaside
835,Amy Davis,nmccoy@example.org,21,Colehaven
956,Michael Brennan,stacy17@example.org,56,Ashleyburgh
311,Rachel Hawkins,dgreer@example.org,18,Gregoryhaven
334,Julia Bowen,matajordan@example.com,25,New Mark
279,Susan Lewis,williamjones@example.com,44,Jackstad
603,Steven Lawrence,gonzalezkatelyn@example.com,62,Chadville
479,Gregg Greer,joel97@example.org,53,Port Meganfort
106,Karen Gregory,holmesrichard@example.org,21,North Lisa
871,Sarah Blankenship,dharris@example.com,41,Ramirezmouth
558,Nicholas Richards,sarasmith@example.org,36,West Robert
229,Michelle Beck,dalton67@example.net,39,East Jessicamouth
724,Andre Moss,lowetimothy@example.com,20,Tonyatown
608,Sharon Key,xjackson@example.net,19,Kimberlyberg
269,Allison Young,nicholaschen@example.net,61,Wardburgh
900,Anthony Smith,wesley85@example.org,36,Port Brendafurt
786,Regina English,deannawheeler@example.org,38,Barnettbury
466,Luke Bullock,lisalittle@example.com,43,Kristinafurt
802,Matthew Sullivan,tylergutierrez@example.net,32,Chadville
90,Brian Stanley,kharvey@example.org,23,Carterberg
503,Jason Carroll,lovebryan@example.org,24,North Jodishire
38,Victor Short,francismichael@example.com,29,New Rebekah
297,Raymond Morales,shellydrake@example.net,56,Lake Christinabury
276,Linda Miranda,mitchellhumphrey@example.com,44,Harthaven
414,Ryan Duncan,christensenbruce@example.com,57,South Connorbury
246,Mary Stone,jameshudson@example.net,54,Bondchester
487,Jennifer Graham,chendaniel@example.com,24,East Brandonbury
581,Shannon Ramos,robinsonbarbara@example.net,56,Millerton
575,Thomas Ortiz,aprilrush@example.com,23,Barnesport
634,Stephanie Simpson,laura66@example.org,29,Teresaview
148,Christian Blevins,elizabeth65@example.net,48,Thompsonport
387,Michelle Clark,kbowman@example.com,27,East Theresahaven
776,Charles Sims,lrobbins@example.org,65,New Patricia
981,Kelly Watkins,kathryn02@example.net,34,East Tiffanyhaven
852,Eric Taylor,daniel85@example.net,40,West Megan
204,Robin Webb,justinchavez@example.org,37,Port Aliciafort
324,Patrick Reese,roychristine@example.net,52,Cruzberg
754,Kristina Bowen,thomasbruce@example.org,43,South Yolanda
916,Abigail Lyons,briannalane@example.org,30,Lindseymouth
105,Janet Marquez,deborah31@example.com,41,West Robertton
268,Sarah Andrews,jonesmark@example.org,29,Meganmouth
811,William Shepherd,knightjames@example.org,60,Jeremiahstad
454,Katrina Kidd,thomaskyle@example.com,61,Wernertown
931,Christopher Adkins,cbowers@example.org,61,Tateview
807,Deborah Anderson,maria76@example.net,56,Anthonymouth
244,Gina Flores,xhoffman@example.org,34,Lake Samuel
958,Lindsey Ortiz,rodriguezmichael@example.org,52,Sethchester
623,Jennifer Carter,khobbs@example.com,49,South Albertland
226,Ethan Taylor,millstanya@example.org,65,Johnburgh
651,Mark Murillo,feliciaharvey@example.com,30,South Anthonyhaven
21,Ronald Rivas,deborah78@example.org,59,North Linda
545,Beverly Johnson,alexwilliams@example.com,31,Collinsmouth
196,Claudia Barrett,sarahhansen@example.com,60,Jessicamouth
762,Donald Clayton,davidsloan@example.net,43,East Jamestown
530,Erik York,davidhull@example.net,53,Tammyland
405,Dawn Chen,fjohnson@example.com,59,Howardborough
700,Joseph Davis,harriswilliam@example.net,30,New Carol
672,Jacob Jefferson,beth29@example.org,57,North Brian
709,Mrs. Jane Waters,aprilking@example.org,23,North Taraside
366,Robert Castillo,jpage@example.org,52,Flemingstad
321,Richard Munoz,cshields@example.org,55,Lake Patty
670,Andrea Lewis,jacobmcbride@example.com,43,Shermanhaven
39,David Mendez,angelcox@example.com,55,Port Joshuatown
5,Tracy Davis,daviescarlos@example.org,55,Hernandezbury
477,Lisa Jenkins,mariah83@example.net,36,Harrisonhaven
993,Justin Monroe,james95@example.com,29,New Andrewborough
806,Danielle Clayton,jennifer12@example.org,53,North Elizabethbury
931,Philip Medina,kyle92@example.net,22,Thomasfurt
785,Angela Turner,carl89@example.com,26,South Charles
305,Robert Greene,xrichardson@example.org,56,Joshuaburgh
528,Jeffrey Holmes,ywells@example.com,36,Carlsonshire
670,Jaime Smith,iyang@example.org,22,Fordfurt
888,Nathan Cole,katrina76@example.com,40,Jasonbury
227,Jacob Campbell,erodriguez@example.com,30,Port Loretta
705,Megan Lee,william86@example.net,56,East Nicholasfurt
278,Jamie Knight,kimberlymartinez@example.net,63,New Jenniferland
90,Derek Williams,michael23@example.net,30,Haydenmouth
46,Paul Hernandez,anita31@example.org,47,Marcstad
660,Patrick Thomas,aberry@example.net,53,Williamborough
929,Diana David,bradley16@example.net,29,New Thomasside
66,Sandra Smith,shane49@example.com,60,Port Sierraburgh
390,Amber Little,durhamjoy@example.net,35,Johnsonton
31,Haley Kim,ingrambarbara@example.com,62,Smithmouth
996,Michael Sharp,laura41@example.org,23,Shawnborough
623,Patricia Keller,erika73@example.com,39,Port Tarafurt
575,Kelli Obrien,floresvanessa@example.com,34,Port Tracyland
79,Howard Martinez,amber37@example.com,55,East Meganbury
986,David Graham,matthew12@example.com,31,Lake Kevinshire
826,Heather Norman,taylorbrandt@example.com,52,New Jamesview
972,Joseph King,jason08@example.net,58,Mooreland
656,Heather Cannon,christygardner@example.org,38,West Eddiemouth
376,Mark Ramos,loliver@example.org,31,East Susanborough
104,Antonio Moore,davidbryant@example.org,53,Antoniochester
69,Brian Norton,tarajones@example.com,46,Brianborough
82,Kayla Hawkins,cbest@example.com,59,Wesleyburgh
254,Kenneth Dalton,martingibbs@example.com,50,Johnsonborough
723,Aaron Dunlap DDS,logancaldwell@example.org,60,East Paulchester
386,Jennifer Mcdowell,smithsheila@example.net,38,East Julian
994,Elizabeth Wagner,vargasian@example.com,63,North Lindsey
669,Kaitlyn Fisher,tonyfaulkner@example.net,37,West Amber
773,Joshua Cain,david75@example.org,43,Lake Valerie
381,Phillip Coleman,hooverlauren@example.org,58,Lucasview
336,Elizabeth Pierce,gardnertammy@example.org,36,Martinland
753,Johnny Baldwin,robertholloway@example.org,34,Port Valerieton
540,Sarah Flynn,shanelewis@example.org,41,Harrisonstad
130,Felicia Gonzalez,brandonfisher@example.net,39,South Cameron
616,Andrea Weaver,lward@example.com,49,Oconnormouth
545,John Hernandez,cheyenne16@example.net,57,Colonborough
761,Marcus Martinez,oneilldonald@example.com,60,Russellmouth
137,Joanna Miller,louis69@example.org,56,Beasleyton
18,Brandon Wilcox,melissahernandez@example.net,35,North Deborah
505,Adrienne Schwartz,jessedickerson@example.net,38,Ryanton
903,Michael Farmer,vegatimothy@example.com,54,Garrettberg
500,Michael Vasquez,fvasquez@example.org,40,Katiebury
827,Javier Hoffman,lisasmith@example.org,63,Jennifermouth
513,Mr. Ricardo Floyd,sfisher@example.org,44,Kerrburgh
922,Ronnie Schmidt,belinda75@example.net,56,East Jennifer
905,Daniel Barrett,christophersmith@example.net,33,South Johnside
959,Kristine Nelson,aliciaserrano@example.net,44,West Brenda
343,Raymond Cameron,vmorgan@example.org,44,Rebeccaberg
807,Nicole Harrison,ewilson@example.com,40,West Ericstad
290,Vanessa Kemp,crystalcrosby@example.org,24,South Thomasport
89,Marvin Anderson,arroyoanthony@example.com,56,Moodytown
328,Marissa Carlson,tcastillo@example.net,39,Kimberlymouth
410,Devin Smith,richardchavez@example.org,61,Lindsayberg
724,Jacob Allen,ttucker@example.com,35,Thomaston
392,Christopher Cameron,cdawson@example.org,27,West Cherylside
222,Mia Simpson,lward@example.net,62,Hansenberg
167,David Zavala,sabrinamarshall@example.org,45,Quinnburgh
838,Karen Keller,browncole@example.com,37,Tylerchester
580,James Mcdonald,iadams@example.com,37,South Michaelland
913,Dana Tucker,flemingjordan@example.com,37,Longville
872,Jessica Blair,mbrandt@example.net,60,West Christinehaven
360,Amanda Davis,christinalopez@example.com,42,Christophermouth
943,Jonathan Young,howarddale@example.org,47,Port Gregorymouth
169,Jessica Hutchinson,vdominguez@example.org,30,North Richard
962,Matthew Martin,alexis21@example.org,38,Cynthialand
49,Norma Edwards,lchang@example.net,27,Brendaborough
659,Megan Simmons,yharper@example.com,41,New Robert
111,Jeffrey Marshall,christopher62@example.org,44,Joneshaven
502,Patrick Patton,samantha05@example.org,48,Port Leahton
904,Ashley Jennings,riverakenneth@example.org,65,Esparzatown
773,Aaron Daniels,fgonzalez@example.net,65,Port John
122,Gavin Jones,tatephillip@example.net,50,Heatherfort
184,Steven Tapia,jamiedennis@example.net,23,West Andrewfort
173,Marvin White,uwood@example.com,46,South Sean
703,Sean Navarro,courtneywade@example.net,32,New Amandamouth
530,Jennifer Wood,pettyrodney@example.org,47,Lake Alyssaport
935,Andrea Lucas,jefferymartin@example.net,58,Thomasshire
656,Russell Johnson,hjohnson@example.com,62,North Thomas
492,Rhonda Mcmillan,gracenguyen@example.org,59,Petersenhaven
536,Richard Porter,ystevenson@example.com,58,Cookstad
767,Lindsay Barnett,lawrence98@example.org,18,Lisamouth
528,Tiffany Freeman,troy36@example.com,45,Valerieshire
929,Daniel Werner,walkerdanielle@example.com,23,Brianland
433,David Smith,jensenchristopher@example.net,22,Conleyview
726,Rose Rivas,angelajones@example.com,56,East Emilyport
269,Ronald Park,nicole40@example.com,52,West Toddchester
590,Sabrina Villegas,andrew48@example.com,50,Websterland
204,Jennifer Harris,karen40@example.net,22,East Robert
186,Jillian Allison,reevesmichael@example.net,43,Millerport
647,Pamela Sanders,andrea97@example.org,54,Angelamouth
706,Andrea Williamson,bcollins@example.net,29,Port Kimberlyborough
32,Tammy Bell,robinsonkenneth@example.org,21,Chavezchester
788,Elizabeth Nelson,jorge37@example.com,48,Thomaschester
896,Hannah Morris,ronald14@example.org,43,Port Vincentport
945,Christine Davis,amberzavala@example.org,56,Lechester
744,Joseph Stevens,elizabethwhite@example.net,39,East Debbiebury
958,Rebecca Vang,jonesdiane@example.net,30,Parsonsland
224,Gregory Clark,jessica61@example.com,31,Lake Dakotahaven
600,Alan Ross,tfoster@example.com,51,West William
676,Lawrence Brown,michael11@example.net,21,South Kelli
72,William Horne,robert29@example.net,33,South Adamfort
372,Jessica Harmon,ronnie02@example.com,39,West Sophiaview
769,Trevor Velazquez,mowens@example.net,62,Port Marystad
404,Jennifer Sanchez,frank05@example.com,18,West Frank
563,Melissa Dickson MD,garrettfreeman@example.com,41,Robertshire
965,Taylor Miller MD,adaniels@example.com,25,West Jonathanville
32,Timothy Mason,moralesryan@example.org,40,East Austin
537,Frank Weaver,marshteresa@example.com,43,Arielville
698,Jimmy Taylor,fnelson@example.net,34,South Joelmouth
728,Steven Peterson,brianna00@example.com,64,Devinland
212,Kathleen Lewis DDS,iturner@example.com,63,Barbaramouth
733,Pamela Lee,gperez@example.com,35,Allisonchester
761,Antonio Gonzalez DVM,dhughes@example.com,31,New Kelly
782,David Smith,vweber@example.com,33,East Michaelamouth
113,Brett Mann,matthew28@example.org,33,Scottchester
715,Ashley Smith,roylaura@example.com,49,Aprilburgh
888,Paul Roberts,upatrick@example.net,37,Ericaview
483,Brian Mitchell,migueljensen@example.net,42,Lake Crystal
706,Kirk James,beth74@example.com,19,Lake William
548,Kara Smith,jill56@example.net,45,Reyesmouth
617,Kenneth Coleman,nsullivan@example.com,40,Reidshire
939,Mrs. Michele Hammond,anthonymcintyre@example.net,40,Lake George
921,Troy Davis,mmartinez@example.org,29,Lake Angelica
981,Ricardo Rivera,kimberlyhicks@example.org,39,Whiteburgh
919,Dylan Lyons,hodgedaniel@example.org,49,Port Laura
35,Marcus Levine,kim50@example.net,47,New Timothyshire
551,John Garcia,andersonkaren@example.org,54,Spencerchester
163,Dr. Richard Garcia,lindsayking@example.net,65,Port Tiffanyside
747,Kevin Evans,fwest@example.org,50,Sandraborough
691,Stephen Morgan,christopher76@example.net,61,Davenportmouth
338,Charles Hays,reneeroberson@example.net,38,Maryborough
906,Jennifer White,xdaniels@example.org,45,Emilyside
283,April Alexander,bray@example.net,27,North Donna
550,Scott Lowe,gcooper@example.com,52,Markchester
241,Catherine Klein,pam33@example.com,57,Walterland
190,Kelli Waller,markpeters@example.org,23,Lewisburgh
859,Stephen Sanchez,idixon@example.com,50,North Gregoryville
745,James Wong,toddclark@example.com,18,Patriciastad
693,Justin Anderson,mendezkaitlyn@example.net,30,West Williamburgh
481,Mr. Timothy Mullins,morrisjennifer@example.net,59,Lake Paige
279,Rachel Mccann,jrandolph@example.net,18,Riceville
782,Jamie Merritt,morgan15@example.net,29,North Eugeneville
225,Larry Montoya,raymond09@example.net,59,East Matthew
412,Paul Kelly,smithbrian@example.com,52,Paigehaven
199,Ann Ball,tle@example.net,20,New Melaniemouth
944,Amanda Thompson,syoung@example.com,28,Port Matthew
322,Nancy Moses,mark69@example.com,21,South Nicholas
906,Troy Newman,patrickdanielle@example.org,25,Smithton
465,Daniel Wood,erinarroyo@example.net,59,Johnland
312,Keith Cooper,rivaskelsey@example.com,60,Kimberlyfort
534,Oscar Thomas,foxjames@example.com,25,North Michael
396,Andrea Richardson,waltersnicholas@example.com,49,West Catherine
552,Theresa Delgado,jill05@example.org,27,Vasquezborough
613,Mrs. Alicia Jenkins MD,pennyconrad@example.com,20,East Amyshire
80,Alexis Brooks,ajohnson@example.com,25,South Kathryn
448,Marc Garza,erika88@example.com,28,Julieville
606,Kurt Harris,tjackson@example.net,62,West Dawnland
941,Crystal Fisher,joshuamyers@example.net,42,Julieshire
631,Dennis Anderson,harringtonjessica@example.org,53,Jamestown
615,Carrie May,haley33@example.org,46,Kylebury
894,Chloe Humphrey,gilmorenicholas@example.net,31,East Chasemouth
308,Laura Myers,abarber@example.net,37,Grahamberg
239,Mike Burke,john06@example.org,65,Greerberg
488,Scott Walters,shahlisa@example.org,60,Port Robert
962,Kaylee Ward,regina34@example.net,21,North Amanda
342,Tracy Baker,adriantaylor@example.org,62,Richardview
643,Matthew Morrow,campbellsierra@example.com,63,Lake Brucefort
758,Melissa Parker,vjohnson@example.com,59,Bartonland
436,Michael Martinez,rodriguezhaley@example.org,18,West Taraside
47,Kevin Steele,fjenkins@example.org,44,East Joseph
270,Stacy Hunter,jharris@example.com,51,West Sandy
136,Angela Flowers,breyes@example.org,32,Port Glennberg
605,Brent Roberson,freemancarolyn@example.org,61,New Tinashire
217,Heather Horn,rsmith@example.net,28,Lake Candaceville
387,Lori Ray,maria09@example.org,26,West Laurie
956,Jason Diaz,hansonshane@example.com,22,Port Vickieland
207,Cheryl Richardson,joseph83@example.com,53,Smithfort
713,Madison Norman,lmacias@example.net,53,South Lindsey
307,Jennifer Aguirre,robinsonjennifer@example.net,47,Brownstad
731,Eric Pitts,dmiranda@example.net,34,South Yvonnefort
586,Madeline Taylor,daniel45@example.org,26,South Sharon
161,Christopher Murray,umiller@example.org,43,Christopherville
821,Lisa Mitchell,fernandezryan@example.net,18,Jenniferland
509,Timothy Weaver,qcarpenter@example.net,49,Hobbston
780,Bradley Moreno,hollandjames@example.com,62,Boydview
599,Debra Smith,ohill@example.org,35,New Deborah
581,Sonya Coleman,tyler23@example.net,40,Kathleenville
604,Pamela Marshall,butlerdonna@example.net,24,Port Loriburgh
415,Mr. Jeffrey White,brian34@example.com,24,Lake Joseph
90,Robert Kemp,wcarrillo@example.net,51,Scottburgh
550,Ann Livingston,bullockelizabeth@example.org,27,New Justin
225,Matthew Lopez,jonathanhernandez@example.net,29,North Jimmy
270,Laura Carroll,jeffreynavarro@example.org,40,Brownfurt
122,Patricia Davis,robert12@example.net,46,New Barbara
152,Kenneth Adams,kristopher73@example.com,31,Michaelstad
388,Matthew Strong,anthonycarr@example.com,18,Williamborough
518,Scott Valentine,marybenson@example.com,64,South Amandastad
133,Gregory Sellers,sullivanscott@example.org,51,Lake Cesar
451,Victoria Krueger,murphycrystal@example.org,43,New Kristenbury
913,Reginald Schneider,pgonzales@example.org,41,Joshuabury
232,Tanya Rodriguez,kellyerica@example.org,57,Meaganmouth
768,Joseph Thompson,christopherrussell@example.org,60,North Brett
960,Mr. Andrew Sharp PhD,khubbard@example.org,63,Kurtstad
672,Christopher Peters,edwardsnathaniel@example.net,47,Port Brianhaven
53,Anthony Conley,michaelowens@example.net,52,Denisefurt
224,Aaron Reyes,fsmith@example.net,31,Perkinsview
274,Caitlin Hendricks,fitzpatrickgary@example.net,29,Port Haleyview
692,Robert Richards,walshcarol@example.net,29,Jayport
154,Sheryl Griffin,joel15@example.net,18,Baileyberg
302,Terri Williamson,jesse97@example.org,27,East Todd
203,Brian Gutierrez,jessicalee@example.org,34,Port Roger
689,Joshua Spence,justinhaynes@example.com,32,South Sarahburgh
674,Justin Taylor,hannahjohnson@example.org,26,Theresahaven
580,Michael Liu,aaronmercado@example.net,33,Shaneside
663,Lisa Proctor,allenveronica@example.org,18,Garciahaven
716,Brandi Brock,kristine20@example.org,23,South Teresamouth
939,Courtney Smith,kevin72@example.com,31,Kathleenview
17,Mark Fleming,michelle53@example.org,21,South Gregoryberg
251,Jessica Cochran,travis68@example.com,40,Carolinetown
110,Vanessa Avery,alicia56@example.net,31,West Scott
946,Sherry Burns,benjaminschneider@example.org,57,West Gabriel
827,Erica Wilson,davilarobert@example.org,58,Christopherport
487,Brooke Thomas,timothytrujillo@example.com,57,Warrenfort
436,Kimberly Reed,chelseapalmer@example.org,46,Johnchester
771,Martin Perkins,sarahmunoz@example.net,21,New Kelly
208,Candace Chen,howardsmith@example.net,62,Kellyshire
887,Tamara Wheeler,rebecca02@example.net,18,Port Angela
154,Michele Reid,moorewalter@example.com,50,Juanfort
135,Todd Lowe,cindy89@example.org,37,Peckmouth
784,Jordan Johnson,jonathan75@example.com,42,New Jenniferhaven
418,Robert Hawkins,wyang@example.com,20,Petersshire
716,Donna Banks,jimmywhite@example.com,46,North Robin
375,Laura Crawford,pturner@example.net,61,Davidtown
492,Kristin Gardner,masonalbert@example.com,22,Ryanland
400,Jesse Johnson,chasedenise@example.org,45,South Melissabury
496,Joseph Gibson,qbeard@example.net,57,South Stacyton
591,Jason Hansen,qsteele@example.net,55,East Amber
865,Olivia Aguilar,perkinskim@example.net,48,Johnsonhaven
457,Cynthia Reyes,gwilson@example.org,51,Lake Sara
391,Antonio Daniels,morenoteresa@example.com,30,Davidtown
465,Jody Gibson,peggy69@example.net,38,Port Brettshire
956,Dana Mason,laurie93@example.com,37,West Cherylhaven
873,Nicholas Wright,juanhanson@example.net,55,South Darrell
367,Kelly James,victoriaharris@example.com,24,Jenniferhaven
454,Allison Morales,hollowaystephen@example.org,41,East Johnview
594,Zachary Walters,annettecochran@example.com,61,Port Kristenmouth
172,Joseph Wise,wendyvaldez@example.com,63,Mosesfort
436,Roy Nelson,hbonilla@example.com,32,Robertsbury
171,Denise Brown,uerickson@example.net,35,New Angelicashire
926,Christopher Cooper,brooke14@example.com,42,West Heather
779,Stacy Payne,wcrawford@example.com,33,East Juan
222,Gregory Mooney,shawnsimmons@example.net,35,South Patriciastad
303,Roger Riddle,jeffreydavid@example.org,29,Joannaside
35,Stephanie Kirk,jonathan50@example.org,46,Katelynmouth
51,Tonya Murphy,crossmelanie@example.net,28,South Elizabeth
214,Aaron Harper,jesse71@example.com,21,Harrisonburgh
93,Kenneth Warner,thomas20@example.org,59,Monicaville
17,James Mendoza,brittanymartinez@example.net,58,North Jessicamouth
291,Rachel Miller,lisa34@example.net,46,East Julia
362,Yolanda Moore,mezaerik@example.net,47,Pageview
812,Alexandra Simon,kelleyjoseph@example.com,18,Gonzalezland
372,James Farley,campbelljustin@example.org,22,Amymouth
834,Erica Rhodes,atucker@example.org,52,East Patricia
72,Amanda Adams,aaronwhitehead@example.net,39,West Heatherchester
786,Noah Perkins,meganblackburn@example.org,30,Danaburgh
25,Kimberly Reed,ghughes@example.net,51,Port Michelle
417,Cynthia Johnson,xbruce@example.com,26,Toddfurt
796,Brad Roberson,rmorris@example.org,38,Nicholsfort
607,Rachel Cooper,morrispeter@example.net,46,South Seth
150,Nicholas Sullivan,david13@example.org,54,Weberberg
651,Joel Lyons,hicksmary@example.net,61,Franklinchester
36,Shawn Cox,gibsontimothy@example.com,65,Ryanborough
697,Tracie Lucas,brownchristopher@example.com,25,Olsonport
911,Anthony Lewis,kimberly17@example.net,18,East Kelly
46,Robert Thomas,awalton@example.net,62,Port Shelley
131,Robert Boyle,rodriguezrebecca@example.com,49,New Ericaside
131,Donna Torres,melissakemp@example.com,46,South Kennethborough
176,Kevin White,nicholasvalenzuela@example.net,51,Smithland
666,Jennifer Mcintosh,kimberlylawson@example.net,36,Jacquelinetown
745,Sarah Powell,kristenmendez@example.com,56,East Robert
535,Gabriela Aguilar,susanmarshall@example.com,22,Michaelport
33,Stephanie Miranda,obaldwin@example.com,26,North Jessicaville
603,Austin Fletcher,zvega@example.net,35,Leshire
671,Karen Wood,emilyjohnson@example.net,38,Port Erikaborough
314,Samantha Stein,zhill@example.net,50,East Jamie
103,Hannah Ross,hendersonnicholas@example.org,38,Bruceland
254,James Jones,tara66@example.com,32,New Alexander
959,Brian Holmes,shieldsanne@example.net,39,North Stephanie
930,Christina Cabrera,stephaniemorris@example.org,31,East Jerryburgh
774,Kyle Howard,lauralopez@example.net,49,Port Suzanne
188,Amanda Powell,ahill@example.org,45,West James
41,Sonya Howard,alexislee@example.org,63,West Kaitlyn
991,Tyrone Salinas,jaredjones@example.com,56,North Abigail
769,Robert Johnson,daniellewis@example.com,46,New Richardport
397,Richard Knight,mcampbell@example.org,44,Port Kaylafort
832,Sherri Martinez,cory82@example.org,37,Lake Eric
794,Matthew Boyd,bradleyvictoria@example.com,34,East Megan
697,Mr. Joe Villegas,tanyabartlett@example.org,65,Susanton
519,Madison Cantu,nancywilkinson@example.net,40,Brianchester
843,Lisa Chavez,kimberly63@example.com,39,Smithville
684,Michelle Johnson,wilsonlinda@example.com,42,East Jennifer
92,Gabriel Walls,bellis@example.org,64,Hendersonview
750,Anne Nguyen,christopher46@example.org,28,Port Loriland
849,Matthew Conner,osmith@example.com,30,East Michaelchester
727,Michael Baker,rachelflores@example.com,48,East Ashley
807,Sonya Blackwell,dawn14@example.net,37,Lake Kristinamouth
320,Luis Odonnell,buckmargaret@example.com,29,Oneillmouth
273,James Reynolds,ewhite@example.com,56,West Tracy
81,Emily Conner,kristiemorrow@example.org,29,East Ronald
254,Kevin Moody,vjohnson@example.org,48,Walshburgh
215,Tyler Smith,ashleymcknight@example.org,18,Kimmouth
709,Bryce Stevens,heather05@example.com,32,Briggstown
707,Jeremy Haynes Jr.,ijordan@example.org,55,Lake Roberthaven
75,Cody Sanchez,khampton@example.net,49,Port Tammy
247,Stephen Barber,sfitzgerald@example.net,28,Lake Hayley
936,Ryan Gilbert,jon88@example.net,40,North Aaron
496,Alison Hawkins,rachelharper@example.org,41,Spencertown
56,Cheryl Perez,jennifer19@example.net,55,Cardenasbury
26,Thomas White,bgraves@example.net,23,Port Sharonview
63,Lynn Quinn,higginsnathaniel@example.net,38,Garzatown
851,Jamie Soto,hornamy@example.net,48,Harrisonstad
555,Michael Graves,bishopchristopher@example.com,33,Gregoryville
998,Susan Mora,jhoward@example.org,23,South David
729,Mark Castillo,davidsmith@example.com,62,South Leslie
254,Brandon Miller,michaellee@example.net,52,Melissaview
741,Thomas Mitchell DVM,joseph17@example.net,61,Lukebury
892,John Ramos,melinda44@example.org,46,Jacquelinemouth
390,Christina Andersen,nowen@example.net,39,North Matthew
646,Joshua James,pearsonvanessa@example.com,25,Port Jacobberg
564,Caroline Richardson,alyssaperry@example.net,58,South Matthewview
48,Gabriela Torres,snunez@example.org,37,Kleinport
507,Stephanie Clark,nelsonjulie@example.com,23,South Carlosview
908,Cheryl Robinson,clivingston@example.net,64,Murphyside
724,Katelyn Allen,kenneth67@example.com,20,Randallview
67,Anthony Gould,leslie90@example.net,36,Smithside
931,Brandon Mcdaniel,fcabrera@example.com,49,Port Janice
862,Jeremy Smith,kelly67@example.com,41,New Elizabethfurt
839,Kyle Wright,johncurry@example.org,61,Mayfort
6,Joan Mooney,madisonbell@example.net,18,Jenniferview
842,Willie White,ginabarton@example.com,62,Port Michael
79,John Buck,sanchezheather@example.net,29,Curtisshire
714,Gina Martin,christine19@example.org,21,South Audreyport
739,Brandon Robinson,qpalmer@example.net,31,Lake Nathan
28,Kathy Blair,pjennings@example.net,22,Emilyhaven
454,Tiffany Rice,meganmiller@example.com,22,Port Larry
998,David Cooper,kevin70@example.org,65,Pamelafurt
976,Jaime Hall,dalton89@example.com,40,East Aprilmouth
13,Patricia Martin,gcarr@example.org,55,Lake Kimberlyfort
493,Raymond Dominguez,sbarber@example.org,40,Melodyton
471,Kristy Hernandez,michaeljenkins@example.com,58,Bennettstad
838,Paul Davis,tyoung@example.org,36,Benjaminfort
275,Michele Coleman,amandafisher@example.org,20,Joshuaport
498,Angela Cross,zhall@example.com,55,West Melissa
326,Abigail Watkins,matthewswendy@example.net,34,North Angelastad
947,James Castro,djones@example.com,55,Kevinfurt
258,Maria Navarro,kelli71@example.org,46,Kochtown
679,Larry Warner,fishersophia@example.com,48,New Jamesborough
308,John Chaney,bonnievargas@example.org,27,Port Sethmouth
303,David Pacheco,elizabethcolon@example.org,35,Patriciamouth
917,Kevin Parker,ericpace@example.com,28,Ramirezmouth
498,John Stephens,cynthiaherman@example.com,18,Lake Matthewton
645,John Mcdonald,ohaley@example.com,38,East Laurenberg
765,Ronald Mcdonald,allisonhernandez@example.org,53,South James
171,Bobby Pratt,figueroakristine@example.org,56,New Thomas
145,James Jones Jr.,sherrybrooks@example.com,58,Aliciaberg
209,William Moore,jenkinsdiana@example.org,44,Whitefurt
531,Phillip Rodriguez,andrewschristopher@example.org,38,New Taylor
778,Mr. Lawrence Anderson,shelly14@example.org,33,Powellland
386,Kelly Graham,jessicaroberts@example.net,54,New Timothyland
168,Mrs. Carrie Cox,mbradley@example.net,24,Port Juliehaven
635,Caitlin Bell,ashleejarvis@example.net,32,Port Michaelfurt
756,Maureen Herrera,christinepeterson@example.com,37,South Ericborough
894,Christopher Mcclure,zjimenez@example.org,64,Thomasshire
715,Daniel Carter,barberkaren@example.com,25,Jenningsmouth
643,Jessica Johnson,aaronadams@example.com,27,West Dawnton
401,Katherine Jackson,juan94@example.org,25,Keithview
940,Traci Williams,timrobinson@example.org,22,Petermouth
417,Samuel Sosa,akeller@example.org,45,Lake Elizabeth
807,Destiny Francis,christopher80@example.net,59,Carrchester
626,Kimberly Carter,xhanson@example.org,44,North Gregory
732,Jamie Hamilton,ndavis@example.net,40,Brandonburgh
376,Patrick Banks,angelalindsey@example.org,39,East Gina
293,Lisa Owens,aguilarjohn@example.org,36,West Lindsay
281,Melanie Page,roweanthony@example.com,64,South Amy
333,Heather Ortega,elizabeth65@example.net,19,Hallburgh
272,Tasha Deleon,hayseric@example.net,45,Cruzstad
323,Danielle Garcia,simmonsjessica@example.com,65,Colleenland
76,Laura Vance,matthewmorgan@example.net,39,Brownfurt
180,Tammy Davidson,kramerjoseph@example.com,33,New Shawnside
269,Jennifer Rivas,sharon72@example.com,40,Patriciachester
861,Christina Mcdaniel,burgessbeverly@example.net,62,Kristenville
42,Ethan Brown,andrew77@example.net,51,Lake Leebury
837,Jonathan Hansen,jonathanwolfe@example.net,33,East Elizabethside
323,Scott Johnson,hillsteven@example.com,23,South Deborah
729,Christopher Black,patrickclark@example.com,31,Finleyborough
418,Jake Hall,travis79@example.org,20,Harpertown
952,Andrew Yu,kylehill@example.net,41,Brownstad
993,Anthony Perry,ryan32@example.org,45,North Heather
742,Cameron Montes,pottsrobert@example.com,35,South Lauraside
879,Katherine Mcintyre,ulawson@example.net,47,Gregorybury
54,Holly Meyer,rebeccaday@example.com,49,West Heatherfort
416,Jade Moore,michaelsilva@example.net,29,South Joseph
402,Amber Bennett,brandondavis@example.net,33,West Josephside
396,Thomas Phillips,cooperlawrence@example.com,55,Lake Jenniferfort
522,Dana Chavez,rachelhart@example.com,22,North Steven
500,Rhonda Curtis,ivanfields@example.com,58,Jamesside
831,Michael Wang,kwhite@example.net,28,Johnstonhaven
673,Isabel Ramirez,jenningsthomas@example.org,39,North Kayla
579,Jacqueline Ward,fishermichael@example.org,58,East Sarah
556,Lindsey Acevedo,ashleyreynolds@example.net,65,Diamondside
26,Danielle Smith,matthew64@example.org,42,Oneilltown
927,Brenda Wu,gcrawford@example.org,59,West Williamtown
154,Frank Thomas,james51@example.com,41,Port Matthew
799,Scott Myers,kristin57@example.net,65,Esparzafort
380,Erika Crawford,jacobblanchard@example.com,32,New Lauren
990,Antonio Ayala,christopher29@example.com,39,Port Michele
393,Charles Williams,christopher91@example.org,40,Port Phillip
220,Alice Holland,kristenharper@example.org,59,Port Brandy
887,Valerie Lawrence,marilyndiaz@example.org,30,Bryantshire
546,Jon Conley,xclay@example.com,24,Emilyview
715,Matthew Blackwell,avaughn@example.org,60,Port Carolinefurt
156,Christian Porter,angelaclark@example.net,45,East Angelica
476,William Johnson,rfields@example.net,63,South Henry
803,Sara Herrera,palvarez@example.com,20,Lindabury
959,Wanda Graham,yadams@example.net,62,South Robert
482,Olivia Wagner,boydtravis@example.net,52,West Robertstad
214,Eric Kennedy,yorkchristopher@example.com,19,Jamesmouth
745,Maria Beard,bettytaylor@example.com,24,Lake Normafurt
419,Jeremiah Sullivan,jbrooks@example.org,23,Houstonfort
362,Lisa Valdez,nguyencharles@example.org,25,Reyesmouth
373,Maria Ortega,kari14@example.net,30,West Robertfort
130,Amy Davis,tbutler@example.org,30,Campbellhaven
121,Tiffany Kent,wilsonlucas@example.org,41,Alvaradoton
841,Charles Copeland,daniel61@example.org,37,Debraside
372,Patricia Hill,farrellamanda@example.com,61,Port Jessicaville
583,Sergio Wilkinson,coxdustin@example.net,30,Jenniferport
735,Matthew Rivas,roseamy@example.org,56,North Lindsey
881,Terri Tanner,browndenise@example.org,31,Port Scott
951,Todd Sullivan,harringtontracey@example.com,18,Caldwellport
239,Lisa Bailey,dennisguerra@example.com,20,Port Brittanyberg
245,Maria Smith MD,wattsdaniel@example.org,43,South Sharon
887,Tanya Larson,rhunter@example.com,47,North Wendy
939,Shelly Cuevas,kparks@example.net,43,Bethanymouth
742,Joseph House,robertjohnson@example.com,47,North Audreyview
335,Brittany Cole,walkertimothy@example.com,64,Jillberg
557,Alyssa Woods,drojas@example.com,28,East Gabriellehaven
170,Jacob Richardson,sconley@example.org,41,East Sierraport
177,Rebecca Fuentes,pughdeborah@example.net,43,Lake Preston
992,Noah Gaines,nixonjason@example.org,24,New Christinestad
270,Ashley Flores,kkennedy@example.net,30,Kellystad
871,Zachary Martinez,maciasdebbie@example.org,57,Charlesburgh
600,Lindsay Dean,edward99@example.com,42,Jenniferland
702,Jessica Sanchez,kreese@example.com,46,New David
131,Ronald Dickson,renee04@example.org,29,Beardburgh
560,Nathan Brooks,dklein@example.org,53,South Jasonstad
733,Jennifer King,bassholly@example.net,47,New Kelly
25,Samantha Gilbert,murrayabigail@example.org,24,West Nicholasfort
201,Andrew Jackson,loribarrett@example.com,33,Miaberg
728,Todd Rice,chobbs@example.net,51,Owensburgh
822,Donald Reed,fanderson@example.net,25,New Steven
729,Michael Wright,ogross@example.com,38,Klineburgh
588,Kyle Wilson,zimmermanbrian@example.org,37,Rodriguezfurt
903,Gerald Park,kmccarthy@example.net,33,North Amber
469,Chelsea Mitchell MD,peter95@example.com,48,South Erikfort
489,Joe Brady,simsmargaret@example.org,18,Port Shannon
910,Jose Jones,amymoore@example.org,26,Michaelhaven
825,Chelsea Castillo,vanessagreer@example.org,54,West Jamesview
274,Benjamin Villa,danlove@example.org,28,Jonesview
524,Laura Hoover,davidsmith@example.com,61,East Wandaport
755,David Waters,jsmith@example.org,23,West Jeremiahmouth
170,Michael Daniel,kendramitchell@example.org,64,Brittanyborough
960,Ashley Contreras,keithlarson@example.com,45,Port Mariachester
79,Matthew Aguirre,emarshall@example.org,61,Crossfort
764,Russell Gardner,robinsonmaria@example.com,52,Lake Dannychester
704,Patrick Massey,johnsonrichard@example.org,39,Timothyside
551,Glen Crane,tracygilbert@example.com,60,Christensenton
449,Christie Joseph,hkelley@example.com,52,Turnerburgh
800,Edward Mccormick DDS,lucasjillian@example.net,52,Walterchester
686,April Colon,haguilar@example.com,52,Mcdonaldville
969,David Hayes,christopher56@example.org,57,Port Julian
191,Billy Hart,denise02@example.org,51,Mullinschester
131,Brad Hess,susanmcpherson@example.org,62,Daleville
647,William Henderson,justin89@example.org,45,East Courtneychester
172,Brandy Ho,juancook@example.org,54,Lake Denise
278,Michael Kaiser,clarkmichelle@example.net,27,West Jordanborough
207,Jason Jacobs,scottelizabeth@example.org,36,Jonesville
258,Heidi Harrell,yortiz@example.com,65,New Jessicashire
658,Matthew Rojas,cwashington@example.net,57,Lake Kennethview
203,Samantha Davis,ericoneal@example.net,26,Sarachester
39,Leslie Duffy,rmoore@example.org,22,South Barbara
707,Bobby Vazquez,tamarabuckley@example.com,26,North Erik
508,Melissa Smith,shannonmolly@example.net,20,East Gabrielbury
345,Steve Aguilar,kari65@example.org,65,Jasonborough
67,Kevin Atkinson,swansonkenneth@example.org,28,Avilashire
194,James Johnston,briannawright@example.com,46,South Sarah
88,Dustin Duke,allen57@example.org,55,Henryborough
739,Casey Miller,burtonwendy@example.org,30,Port Johnathan
168,Lawrence Jimenez,lauren71@example.com,28,Lake Brian
785,Heidi Baldwin,jsmith@example.org,25,Turnertown
693,Kayla Burton,victorcox@example.net,35,Lake Jenniferburgh
64,John Brown,fitzpatrickalexis@example.net,19,Lake Courtney
492,Bradley Wilkerson,sandersryan@example.org,60,Ramosborough
154,Arthur Miranda,wilsonrobert@example.net,39,Simmonsstad
691,Ricardo Tyler,msantana@example.com,38,North Mikayla
699,Nicole Roberson,jesparza@example.org,38,Port Christinatown
636,Blake Shelton,apruitt@example.com,19,West Jesseton
197,Karen Stewart,josephjacobs@example.net,47,West Corey
512,Samantha Jimenez,wmiller@example.org,48,Hicksmouth
212,Michelle Gallegos,jblevins@example.org,39,Patelland
339,Audrey Monroe,qhanson@example.com,62,Stephenshire
692,Lauren Conway,bgilmore@example.net,64,West Frankmouth
298,Juan Rivera,pwalker@example.com,40,Josephview
614,Julia Jacobs,kimberly45@example.org,54,Port Aaron
346,James Daniels MD,walshpatricia@example.net,55,East Michael
277,Laurie Rivera,kelseymartin@example.org,61,Port Kellychester
958,Jeffrey Macdonald,skirk@example.net,55,West Mark
56,Wesley Roach,brewercarolyn@example.org,24,Cynthiaville
904,Timothy Wright,sthomas@example.org,31,Brettborough
301,Mrs. Kim Mcdowell MD,keyjoseph@example.net,48,South Brandonhaven
276,Kevin Snow,gclements@example.org,45,Kempfurt
886,Philip Khan,carrkristi@example.org,41,Patrickport
193,Alexa Oneal,nunezomar@example.org,23,Carlosmouth
697,Leslie Rowland,markstout@example.com,32,East Sharonchester
103,Corey Chandler,zburns@example.com,58,Ashleyborough
160,Michele Torres,jessicagraves@example.com,32,Millerstad
447,Monica Arroyo,morriscynthia@example.com,41,Johnsonstad
972,Katherine Williams,ryan85@example.org,18,Clintonberg
889,Robert Avila,yjames@example.net,23,South Dana
676,Douglas Patel,gonzalezstephanie@example.com,63,Lake Bobby
302,Mary Thompson,ucummings@example.net,19,East Richardville
569,Jennifer Fields,graycrystal@example.net,42,Hoffmanland
452,Michael Harrington,kenneth65@example.com,56,Roachfurt
800,Katrina Roman,jonesjames@example.net,45,Martineztown
934,Paul Hill,aaron23@example.org,59,Glennland
336,Toni Weaver,ashleytorres@example.net,47,Jonesland
431,George Nelson,krystal14@example.com,62,Wanghaven
460,Ann Myers,russellmiller@example.com,57,Mikefurt
347,Rhonda Mclaughlin,fwhite@example.net,55,Johnsonmouth
141,Mr. Kevin Blevins,trevor02@example.org,22,Sanfordborough
563,Jordan Klein,markserica@example.com,21,Michaelberg
745,Brenda Perez,robertslinda@example.com,63,Bautistashire
843,Jasmine Fields,sandra31@example.com,54,Pearsonfort
947,Robert Mcneil,bettyesparza@example.org,61,Burnettview
935,Amanda Mason,crystalkramer@example.net,18,East Martin
958,Joseph Jackson,danielrodriguez@example.com,39,West Tom
182,Tammie Davila,wyatt86@example.org,47,Williebury
938,Evan Woods,adambaker@example.net,38,Josephshire
739,Taylor Cook,asalazar@example.net,47,Carrieport
916,Sergio Brown,barbara55@example.org,52,Murraytown
590,William Beasley,vaughnelizabeth@example.net,50,South Francesborough
129,Victoria Guerrero,kavila@example.org,65,North Jeremy
210,Mary Wilson,michael75@example.com,36,North Alexandraville
753,Joshua Lee,johnsonsteve@example.com,58,Garretttown
975,Dana Rodriguez,thompsonbarbara@example.net,47,North Hannahview
970,Victoria Bentley,awhite@example.com,51,North Matthewbury
184,Regina Campbell,ortizlaura@example.com,50,Samanthaport
909,Kayla Johnson,christopher20@example.com,51,Thomasview
310,Jill Madden,shannonbaker@example.net,58,North Lauren
697,Kevin Norman,deborahcasey@example.net,45,New Sarashire
347,Victor Flynn,josephmason@example.net,19,East Sarah
252,Kathleen Grant,stevenmendoza@example.net,44,Kaylaborough
744,Derek Winters,ldaniels@example.com,50,Garyshire
609,Drew Wolfe,bullockcolleen@example.net,65,North Joshua
1000,Bryan Allen,matthewbradley@example.net,37,Johnland
940,Michael Marks,michellemartinez@example.net,31,Lake Tina
439,Richard Lopez,gjarvis@example.com,58,Donnastad
280,Stephen Harris,melissa30@example.com,52,North Sierra
742,Terri Green,cherrymegan@example.net,52,Jacktown
288,Andrea Davis,briannaalvarado@example.org,32,Garciamouth
462,Nicolas Nelson DDS,brandon57@example.net,34,Norrisland
215,Julie Evans,vevans@example.net,34,Joseberg
332,Michelle Pruitt,walter92@example.com,46,New Deborahborough
901,Paula Moore,manuel13@example.org,39,New Katrinashire
650,Kyle Long,rachel72@example.com,19,New Anthony
328,Marie Brown,mwatson@example.org,59,East Candacefort
199,Brent Bernard,steven59@example.net,35,Phillipville
577,Aaron Williams,toddchandler@example.org,26,Anthonyport
880,Jessica Rich,william41@example.com,44,Stevenchester
842,Laura Castillo,fdavis@example.net,52,Lake Pamelaborough
351,Laura Madden,zhumphrey@example.com,52,East Patrick
15,Robert Jones,erin15@example.org,57,Aaronborough
608,Pamela Lee,stephanie30@example.net,33,Michelleland
595,Joseph Taylor,nanderson@example.com,44,East Maryport
438,John Gonzalez,macdonaldana@example.net,63,Lake Carlaview
19,Jillian Fleming,joseph02@example.com,48,West Jamiehaven
985,Keith Brooks,andrew47@example.com,41,North Danchester
222,Debra Garrison,richardcoleman@example.org,22,Port William
55,James Rose,jacobguerrero@example.org,49,West Jonhaven
463,Tracy Mcdowell,starkstephen@example.net,20,Christopherborough
96,Keith Miles,johnjohnson@example.org,21,East Richard
907,Reginald Shah,iwelch@example.net,53,Ginashire
863,James Hawkins,xeverett@example.net,32,Loveside
904,Danielle Hooper,gonzalezdaniel@example.net,45,North Dylan
864,Jacob Nichols,klinechelsey@example.com,46,Lake Steven
708,Christopher Smith,traviswise@example.net,52,New Ryan
864,John Kelly,angela86@example.com,40,Haydenton
251,Jennifer Mccormick,deleonzachary@example.net,41,West Johntown
551,Elizabeth Oneill,audrey46@example.com,63,Jamesmouth
401,Austin Whitney,hraymond@example.com,45,Duncanhaven
273,Cassandra Johnson,amanda33@example.com,61,Thomasbury
35,John Henderson,lawrencejuan@example.org,30,Burgessbury
24,Sarah Parker,jdavidson@example.org,38,Markland
800,William Munoz,langlaurie@example.net,44,Elizabethbury
703,Andrew Morse,lmeyer@example.net,63,Snowside
763,Timothy Stephens,jasminekane@example.org,55,Jacksonmouth
605,Nancy Johnson,uwright@example.com,49,Tammyshire
742,Chelsey Richards,durandanielle@example.net,63,Dustinton
529,Andrea Hurst,justin59@example.com,65,East Robert
786,Brittney Fernandez,katherinejohnson@example.com,49,East Ashleyland
694,Lauren Wilson,erobinson@example.com,53,West Timothy
510,Emily Henderson,davidschmidt@example.com,46,Hayesfurt
239,Jeanette Williams,isabella81@example.org,54,Lake Kelly
153,Daniel Berg,margaretrhodes@example.com,45,Michaelfurt
230,Joshua Hill,mmurphy@example.com,47,East Meghanbury
32,David Waters,cruzanita@example.net,23,Coxburgh
883,Shannon Ramirez,mauricepetersen@example.net,21,Wangmouth
670,Ethan Figueroa,pamelacross@example.net,46,North Danielport
216,Jenna Hansen,reyessamantha@example.com,35,Lake Tylerberg
374,Jeffrey Brown,jeanettemartin@example.org,26,Fordland
267,Victoria Skinner,annebarnett@example.org,23,North April
128,John Hudson,shawjo@example.org,55,Danberg
71,Andrew Byrd,martinrebecca@example.com,51,Reynoldsside
936,Joel Johnson,michellewilcox@example.net,24,Kingside
609,Austin Nelson,brownpeter@example.net,32,New Randall
920,Dr. Andrew Miller,jeffery93@example.org,36,Smithport
349,Michael Lowery,stevenlawrence@example.net,23,West Josephburgh
337,Michelle Roberts,steven04@example.net,24,Jonchester
348,Daniel Stevens,mark93@example.org,52,Jenkinsfort
816,Carla Jennings,williamsjustin@example.net,52,Ramosberg
729,Sandra Moore,jamesmercer@example.com,27,Mccormickbury
343,Nicole Moore,whitenoah@example.net,49,North Brandonhaven
583,Madeline Burgess,julia54@example.net,47,Janetshire
306,Mary Acevedo,jaclynsalazar@example.net,23,South Ashley
92,Jennifer Jackson,riddlejoanne@example.com,64,North Emilystad
281,David Thomas,wgarza@example.com,33,Mooreville
691,James Krause,frostrenee@example.com,21,Lake Rebeccachester
225,Daniel Hall,wallacemarcus@example.net,49,East Sherrimouth
594,Terri Hernandez,kellymiller@example.net,58,Carrollberg
917,Brian Baldwin,holmeserin@example.org,18,Brownshire
501,Mary Pope,connor56@example.com,47,Lake Lauren
669,Eric Johnson,brenda88@example.com,59,Baileyberg
721,Melissa Mcknight,heatherhamilton@example.net,53,Stevenberg
443,Benjamin Smith,paulcoleman@example.com,29,Janemouth
633,Brandon Ramirez,patriciabarber@example.org,21,Christopherland
554,Theresa Bennett,ssanchez@example.org,29,Johnnyshire
123,Katherine Harrison,elizabethsims@example.org,27,North Isaiah
145,Sheryl Downs,michelle49@example.com,52,Schroederfort
401,Regina Ballard,paul14@example.com,32,Freemanchester
831,Johnny Dunlap,priceryan@example.org,55,West Victoriaberg
197,Jack Ellison,westes@example.com,28,Port Kyle
749,Brandon Kelly,egolden@example.com,49,Shortport
947,Ronald Anthony,lawrencescott@example.com,50,Carrieberg
834,Kelly Barber,lauren81@example.com,61,East Nichole
245,Miranda Castillo,sparksamber@example.net,18,Robertsonport
827,Douglas Grimes,victoriakirby@example.com,59,Samuelberg
199,Allison Garcia,shuffman@example.org,39,Morrowberg
516,Isabel Kelly,charleswhite@example.org,33,Andersonfort
94,Stephanie Braun,pcox@example.net,53,Lake Davidtown
944,Bianca Simpson,teresaanderson@example.org,41,New Alanport
698,Miss Anne Peterson,jonathan89@example.org,49,Heatherport
303,Amanda Davis,jill09@example.com,37,North Aaron
356,Mr. Richard Reeves DVM,samueljohnson@example.org,20,West John
688,Jesse Thompson,mortonkaren@example.com,40,Amberfurt
358,Becky Mitchell,clarkadam@example.com,26,Johnsside
245,Evan Reyes,campbellangela@example.com,42,Williamsmouth
511,Ryan Adams,lopeznancy@example.net,28,New Brianfort
256,Matthew Gentry,bgarcia@example.com,59,Tomhaven
854,Eddie Walsh,reedheather@example.net,21,Shelbyside
878,Jamie Gonzalez,susan42@example.net,35,South Daniel
340,Christine Ward,smassey@example.net,60,Vanessahaven
582,Jason Mccullough,tracey68@example.org,30,Stephaniemouth
674,Matthew Lynn,yking@example.net,54,Larryland
970,Colleen Walsh,cclark@example.com,21,Johnsonmouth
927,Jennifer Jackson,doylejodi@example.net,44,Leemouth
896,Denise Pineda,charleszachary@example.org,24,North Dawn
300,Carly Gilmore,kristastewart@example.org,52,South Lauraville
938,Mrs. Alexandra Williams,robert96@example.net,54,Martinfort
639,Stacy Johnson,alexafrank@example.org,64,New Ryan
848,Charles Buchanan,sylviayoung@example.com,42,South Davidmouth
65,Peter Stewart,bmurray@example.com,35,Lake Vanessa
186,Kathy Lara,joneschristopher@example.net,41,South Tiffany
312,Stacy Erickson,collinszachary@example.net,53,Brandymouth
832,Jennifer Johnston,diane44@example.net,64,Melissachester
944,Charles Hess,angela47@example.org,38,South Jean
36,Melissa Harris,bishoptodd@example.net,44,South Michael
32,Casey Perry,michaelgallegos@example.net,41,West Timothybury
320,Brenda Waters,deborahhowell@example.net,32,West Sarahport
73,Craig English,robbinsrandy@example.com,26,Reginahaven
845,Angela Park,dawn01@example.com,57,South Joshua
587,April Young,awilson@example.net,61,Johnton
496,Charles Vincent,jessica00@example.com,22,New Jeremyview
390,John Mitchell,sarah32@example.com,48,New Shannonfurt
661,Krista Watts,brownadriana@example.com,30,Lake Kaitlin
931,Angela Rogers,jeremydawson@example.org,50,New Kevinstad
389,Kimberly Hurst,mdavenport@example.org,52,Hillbury
760,Joseph Wilson,timothy65@example.com,33,South Patricia
563,Eric Sosa,mccormickrobert@example.org,32,East Danaberg
951,Michael Parker,cummingspaul@example.org,19,Matthewfort
333,Gerald Wilson,jacquelinewilliams@example.org,35,Matthewfurt
980,Joshua Smith,kathrynjohnson@example.com,29,East Mirandabury
83,Jenna Martin,xgomez@example.org,61,New Lisaborough
887,Elizabeth Martinez,normanhall@example.org,50,West Amandastad
423,Daniel Juarez,matthew69@example.net,63,Onealport
376,Laura Simpson,agray@example.net,49,Bowershaven
535,Holly Garcia,russellsarah@example.net,35,Hayesburgh
546,Kristopher Todd,angelaknight@example.net,45,New Georgeton
686,Justin Torres,gonzalezkevin@example.org,53,Lake Danielside
504,Shari Lutz,reynoldslawrence@example.org,30,Cheyennefurt
263,Shannon Garcia,vhayes@example.net,27,North Patriciaville
891,Latoya Rodriguez,qmiller@example.com,54,Stephanieton
452,Lisa Flynn,heather91@example.org,37,Beckerville
162,David Berry,clarkmichael@example.org,39,Howardville
856,Brandi Villanueva,alicia31@example.org,44,South Susanbury
280,Lisa Pineda,zshields@example.org,34,Robertborough
214,Mark Wells,medinajennifer@example.org,48,South Jessicamouth
678,John Andrews,vrichardson@example.com,56,Garciabury
245,Dillon Jefferson,enorman@example.com,38,West Austin
368,Denise Wilkerson,christina43@example.org,51,South Marcus
337,Michele Ortiz,sanderstonya@example.net,46,Bruceside
672,Donna Hooper,carrolldavid@example.com,47,Port Markbury
847,Jeff Taylor,ahart@example.org,61,Port Richard
630,Amanda Kennedy,mariadouglas@example.org,41,West Ryanport
213,Dawn Berg,nathaniel52@example.net,21,New Staceyhaven
520,Thomas Cruz,jpalmer@example.org,32,South Anneshire
65,Timothy Hernandez,russellthomas@example.net,51,Ingramton
307,Justin Moss,kelly57@example.org,44,Bradleyfurt
118,Alexander May,bakerbrandon@example.org,50,Port Kennethstad
256,Christopher Anderson,robertphillips@example.net,47,Brownville
88,Lisa Boyd,katie30@example.net,36,Port Brooke
724,Seth Hendrix,cunninghammichael@example.org,48,Jamiebury
630,Belinda Schmidt,raymond92@example.com,52,East Rebeccastad
262,Lawrence Richardson,trevor52@example.com,48,Thomastown
758,Ian Atkinson,nolancrystal@example.org,23,South Amy
465,Deanna Riley,upage@example.net,21,Chrisland
675,Kyle Jackson,davidlopez@example.org,59,Garciaport
794,Nicholas Lopez,qguzman@example.org,55,Port Sarah
291,Michael Perry,ebishop@example.com,48,Bradleyland
65,Rebecca Smith,nelsonrebecca@example.org,64,Lake Gregory
663,Audrey Zuniga,isabella72@example.net,27,North Kathytown
548,Ronald Conway,jeremyschroeder@example.org,60,Dianamouth
12,Zachary Murillo,michelemyers@example.org,50,Loriton
548,Michael Ferguson,megan41@example.net,63,Port Heatherton
405,Heidi Green,hallgabriel@example.net,39,North Paulhaven
883,Joel Reynolds,fernandezmichael@example.com,60,East Joseph
396,Holly Morris,paulhughes@example.com,61,West Tabitha
111,Danielle Carroll,osmith@example.com,58,Jeremyville
633,Patricia Ford,penaaustin@example.org,65,Port Alberthaven
396,Matthew Todd,douglas22@example.net,35,New Cory
108,Catherine Black,davidhiggins@example.net,47,Tuckerberg
658,Jennifer Hart,jbell@example.com,55,Snowmouth
883,Geoffrey Peterson,browndillon@example.org,34,North Lance
40,Kimberly Frank,garciarichard@example.net,40,Holmesland
157,Phillip Lane,preston73@example.net,23,Antoniofort
243,Lisa Lawrence,srobbins@example.net,36,South Bobbymouth
729,Marie Wright,katherine53@example.org,43,North Matthew
720,Erika Allen,durhamteresa@example.net,43,Ramirezport
515,Edward Pena,stewartbrian@example.org,51,Marcmouth
557,Kevin Hernandez,ashley09@example.com,47,Ruizville
583,Heather Johnson,qharrison@example.net,56,Stanleymouth
734,James Dickson,welchleah@example.org,41,Lake Christian
702,Brian Thompson,usmith@example.org,60,Lake Susan
728,David Weber,colonlauren@example.org,37,Katherineland
805,Laura Bell,ajackson@example.org,22,Warnerbury
482,Steven Gibson,tkennedy@example.org,19,Frenchhaven
402,Crystal Gates,gary78@example.net,47,Krausemouth
962,Tracy Bautista,gregory33@example.net,24,Johnview
934,Beverly Hill,kenneth43@example.org,24,South Michaelmouth
649,Nathan Johnson,ulopez@example.com,18,Port Clayton
721,Shawn Spence,lcox@example.org,23,South Jennifer
801,Rhonda Suarez,fjones@example.org,29,West Davidview
494,Rachael Cook,skrueger@example.com,56,Michaelbury
150,Jessica Leonard,michelleedwards@example.org,43,Port Michellemouth
589,James George,millercrystal@example.org,30,Kirstenland
627,Theresa Peters,valeriebrock@example.org,52,Onealmouth
560,James Alexander,jacobdorsey@example.org,52,South Ashley
99,Cody Powell DVM,carrietaylor@example.org,58,New Mary
698,Anita Holmes,robertmiller@example.org,47,New Jamieberg
438,Alexandria Miller,bmora@example.com,56,South Seth
499,Jessica Page,nguyenchad@example.net,56,Darrenstad
146,Theresa Nguyen,omartinez@example.net,33,West Jamesview
472,Rebecca Ewing,michaelhall@example.net,49,North Mariah
886,Todd Ramirez,elizabeth37@example.net,42,Floydview
414,William Keith,hcollins@example.org,29,Victoriamouth
638,Scott George,douglashernandez@example.com,24,East Joshuaburgh
7,Vincent Price,anthony78@example.com,36,Cynthiaview
618,Cheryl Kane,andrewsjo@example.net,25,Christinaland
788,Lauren Shepherd,jonathancoleman@example.net,56,Port Gracemouth
403,Christine Dennis,melissa15@example.net,40,South Kelli
729,Brian Banks,gsmith@example.org,22,Huangshire
155,Angela Hill,jrichard@example.com,34,East Tammyton
133,Amanda Moore,dawn93@example.org,31,South Jackborough
494,Kimberly Johnson,perkinsjasmine@example.org,27,North Baileystad
856,Fernando Branch,torresmichael@example.net,18,South Bryce
804,Chris Stewart,ricardojones@example.com,50,Kimmouth
838,Matthew Flores,delgadoapril@example.com,24,Carrfurt
414,Kathleen Munoz,ashleysteele@example.org,31,East Kelsey
331,Amy Elliott,pmontgomery@example.net,32,Hughesmouth
155,Devon Gonzales,iwalker@example.org,20,Perezside
235,Samantha Taylor,leesarah@example.org,40,Thomasfurt
799,Omar Ramirez,ronald56@example.org,52,West Carla
263,Julie Maldonado,aaron25@example.net,33,Troystad
933,Brian Wise,sarah04@example.net,47,Lake Jessicaland
811,Sara Johnson,bakerheidi@example.org,48,North Charles
394,Troy Francis,mbarnes@example.net,41,Butlerchester
478,Danielle Hernandez,lamdavid@example.org,61,Port Krystal
467,Thomas Conrad,farleystephen@example.com,52,Wyattmouth
514,Dawn Fletcher,srojas@example.org,51,South Karl
939,Megan Vasquez,jameskennedy@example.net,22,Susanfurt
911,Zachary Howell,ftorres@example.org,46,West Amandaport
722,Brianna Wright,daniel82@example.com,44,Nicholsonmouth
301,Lindsey Pace,darrellpineda@example.net,34,Vegaside
557,Kelsey Chan,torresveronica@example.org,65,Lake Davidstad
962,Andrew Curtis,hclark@example.net,35,Tammyshire
291,Rachel Hines,cathyguerrero@example.org,51,Charlesstad
339,Trevor King,linalexander@example.net,24,West Nathanielmouth
744,Lindsey Hobbs,heidicole@example.org,42,Gentrytown
501,Mark Greer,evantaylor@example.org,59,Barnesstad
697,Sharon Johnson,laurabender@example.com,18,North Rebekah
960,David Fitzgerald,brian26@example.net,47,New Andrew
308,David Griffin,jayfernandez@example.net,65,South Lawrence
644,Raymond Smith,carloswalsh@example.net,40,West Maria
255,Joshua Ray,alicia49@example.com,24,New Samuelfort
530,James Taylor,timothy00@example.org,31,Robertsmouth
166,Shawn Decker,oshields@example.net,35,Mollyview
270,Robert Patel,jordantammy@example.org,36,Billyview
387,Nicole Jackson,david26@example.com,41,Archerberg
186,Scott Chase,brooke03@example.net,60,South Mirandachester
622,Melissa Walsh,ocarpenter@example.net,47,East Suzannetown
500,John Wilson,michael46@example.org,35,Robertsstad
17,Chase Hernandez,shall@example.org,22,North Justinton
934,Anthony Ryan,jonathan33@example.net,53,Penaport
784,Zachary Davenport,hurstchristine@example.net,62,Fullerberg
392,Melinda Booker,gerald62@example.org,55,Markborough
308,Erika Best,william76@example.org,30,Mcclainland
598,Monique Johnson,sanderson@example.com,21,Patriciamouth
185,Dr. Rhonda Ross,cmiller@example.com,40,New Robynton
658,Renee Johnson,whart@example.net,36,South Sandrabury
235,Tammy Cain,andrew25@example.org,37,Petersburgh
989,Calvin Salazar,bairdstephanie@example.com,61,Wheelerstad
669,Zachary Nelson,pattersondavid@example.org,30,North Cynthia
36,Jerry Lucas,allison48@example.net,20,Brianaborough
865,Daniel Ramirez,johnathanburnett@example.org,56,East Brandonland
454,Tanner Townsend,catherine92@example.org,33,Alexanderton
867,Amanda Williams,collinstimothy@example.com,45,Lake Tim
425,Craig Scott,vwallace@example.net,21,West Emilyland
60,Ronald Nelson,lwatson@example.net,23,Alexview
488,Monica Nelson,timothy92@example.com,46,Brianview
457,Lauren Warren,nwilliams@example.org,18,Port Cesarfurt
411,Vincent Chen,uschmitt@example.net,39,North Michelleport
612,William Knight,michael80@example.net,50,Crawfordbury
254,Mr. Randall Brown,fmurray@example.net,56,Port Pamela
469,Nicholas Murphy,eburns@example.net,18,Terryport
667,Whitney Wolf,nixonlinda@example.org,32,Lake Elizabethmouth
780,Wendy Nguyen,cheryl13@example.org,41,Davidmouth
13,Christopher Cannon,mdixon@example.com,28,Edwardsfort
350,Michael Barnett,christopher89@example.org,61,Port Briana
275,Maria Poole,jasminesmith@example.com,50,New Mariaborough
150,Kristin Payne,vcarter@example.com,38,North Tiffanyborough
259,Michelle Brown,jasonpitts@example.net,38,South Aaronville
611,Jennifer Warner,justin87@example.net,38,Rogerstown
658,Marie Moore,perrykara@example.com,33,South Kariborough
263,Shawn Bowen,pittsnicholas@example.net,53,East Rossfort
196,Shaun Garrett,joneskyle@example.org,37,South Earl
39,Lisa Jones,taylorseth@example.net,22,Vasquezmouth
168,Lauren Mayo,benjamingene@example.net,58,North Jessicaview
532,Deborah Bailey,akelly@example.net,22,East Seth
36,David Freeman,ruizstephanie@example.net,31,New Michelleshire
709,Jennifer Nguyen,vargasrichard@example.org,49,Arnoldmouth
